topic,run_at,main_topic,sub_topics,prompt_folder,image_count,status,model,with_image,image_source,submit_search,sitemap_url
서울 서울특별시 전기차 지원금,2026-03-02 12:00:00,서울 서울특별시 전기차 지원금,"지원금액,신청방법,조건",전기차 지원금,4,publish,gpt-4o-mini,True,title,False,
부산 부산광역시 전기차 지원금,2026-03-02 14:00:00,부산 부산광역시 전기차 지원금,"지원금액,신청방법,조건",전기차 지원금,4,publish,gpt-4o-mini,True,title,False,
대구 대구광역시 전기차 지원금,2026-03-02 16:00:00,대구 대구광역시 전기차 지원금,"지원금액,신청방법,조건",전기차 지원금,4,publish,gpt-4o-mini,True,title,False,
인천 인천광역시 전기차 지원금,2026-03-02 18:00:00,인천 인천광역시 전기차 지원금,"지원금액,신청방법,조건",전기차 지원금,4,publish,gpt-4o-mini,True,title,False,
광주 광주광역시 전기차 지원금,2026-03-02 20:00:00,광주 광주광역시 전기차 지원금,"지원금액,신청방법,조건",전기차 지원금,4,publish,gpt-4o-mini,True,title,False,
대전 대전광역시 전기차 지원금,2026-03-02 22:00:00,대전 대전광역시 전기차 지원금,"지원금액,신청방법,조건",전기차 지원금,4,publish,gpt-4o-mini,True,title,False,
울산 울산광역시 전기차 지원금,2026-03-03 00:00:00,울산 울산광역시 전기차 지원금,"지원금액,신청방법,조건",전기차 지원금,4,publish,gpt-4o-mini,True,title,False,
세종 세종특별자치시 전기차 지원금,2026-03-03 02:00:00,세종 세종특별자치시 전기차 지원금,"지원금액,신청방법,조건",전기차 지원금,4,publish,gpt-4o-mini,True,title,False,
경기 수원시 전기차 지원금,2026-03-03 04:00:00,경기 수원시 전기차 지원금,"지원금액,신청방법,조건",전기차 지원금,4,publish,gpt-4o-mini,True,title,False,
경기 성남시 전기차 지원금,2026-03-03 06:00:00,경기 성남시 전기차 지원금,"지원금액,신청방법,조건",전기차 지원금,4,publish,gpt-4o-mini,True,title,False,
경기 의정부시 전기차 지원금,2026-03-03 08:00:00,경기 의정부시 전기차 지원금,"지원금액,신청방법,조건",전기차 지원금,4,publish,gpt-4o-mini,True,title,False,
경기 안양시 전기차 지원금,2026-03-03 10:00:00,경기 안양시 전기차 지원금,"지원금액,신청방법,조건",전기차 지원금,4,publish,gpt-4o-mini,True,title,False,
경기 부천시 전기차 지원금,2026-03-03 12:00:00,경기 부천시 전기차 지원금,"지원금액,신청방법,조건",전기차 지원금,4,publish,gpt-4o-mini,True,title,False,
경기 광명시 전기차 지원금,2026-03-03 14:00:00,경기 광명시 전기차 지원금,"지원금액,신청방법,조건",전기차 지원금,4,publish,gpt-4o-mini,True,title,False,
경기 평택시 전기차 지원금,2026-03-03 16:00:00,경기 평택시 전기차 지원금,"지원금액,신청방법,조건",전기차 지원금,4,publish,gpt-4o-mini,True,title,False,
경기 동두천시 전기차 지원금,2026-03-03 18:00:00,경기 동두천시 전기차 지원금,"지원금액,신청방법,조건",전기차 지원금,4,publish,gpt-4o-mini,True,title,False,
경기 안산시 전기차 지원금,2026-03-03 20:00:00,경기 안산시 전기차 지원금,"지원금액,신청방법,조건",전기차 지원금,4,publish,gpt-4o-mini,True,title,False,
경기 고양시 전기차 지원금,2026-03-03 22:00:00,경기 고양시 전기차 지원금,"지원금액,신청방법,조건",전기차 지원금,4,publish,gpt-4o-mini,True,title,False,
경기 과천시 전기차 지원금,2026-03-04 00:00:00,경기 과천시 전기차 지원금,"지원금액,신청방법,조건",전기차 지원금,4,publish,gpt-4o-mini,True,title,False,
경기 구리시 전기차 지원금,2026-03-04 02:00:00,경기 구리시 전기차 지원금,"지원금액,신청방법,조건",전기차 지원금,4,publish,gpt-4o-mini,True,title,False,
경기 남양주시 전기차 지원금,2026-03-04 04:00:00,경기 남양주시 전기차 지원금,"지원금액,신청방법,조건",전기차 지원금,4,publish,gpt-4o-mini,True,title,False,
경기 오산시 전기차 지원금,2026-03-04 06:00:00,경기 오산시 전기차 지원금,"지원금액,신청방법,조건",전기차 지원금,4,publish,gpt-4o-mini,True,title,False,
경기 시흥시 전기차 지원금,2026-03-04 08:00:00,경기 시흥시 전기차 지원금,"지원금액,신청방법,조건",전기차 지원금,4,publish,gpt-4o-mini,True,title,False,
경기 군포시 전기차 지원금,2026-03-04 10:00:00,경기 군포시 전기차 지원금,"지원금액,신청방법,조건",전기차 지원금,4,publish,gpt-4o-mini,True,title,False,
경기 의왕시 전기차 지원금,2026-03-04 12:00:00,경기 의왕시 전기차 지원금,"지원금액,신청방법,조건",전기차 지원금,4,publish,gpt-4o-mini,True,title,False,
경기 하남시 전기차 지원금,2026-03-04 14:00:00,경기 하남시 전기차 지원금,"지원금액,신청방법,조건",전기차 지원금,4,publish,gpt-4o-mini,True,title,False,
경기 용인시 전기차 지원금,2026-03-04 16:00:00,경기 용인시 전기차 지원금,"지원금액,신청방법,조건",전기차 지원금,4,publish,gpt-4o-mini,True,title,False,
경기 파주시 전기차 지원금,2026-03-04 18:00:00,경기 파주시 전기차 지원금,"지원금액,신청방법,조건",전기차 지원금,4,publish,gpt-4o-mini,True,title,False,
경기 이천시 전기차 지원금,2026-03-04 20:00:00,경기 이천시 전기차 지원금,"지원금액,신청방법,조건",전기차 지원금,4,publish,gpt-4o-mini,True,title,False,
경기 안성시 전기차 지원금,2026-03-04 22:00:00,경기 안성시 전기차 지원금,"지원금액,신청방법,조건",전기차 지원금,4,publish,gpt-4o-mini,True,title,False,
경기 김포시 전기차 지원금,2026-03-05 00:00:00,경기 김포시 전기차 지원금,"지원금액,신청방법,조건",전기차 지원금,4,publish,gpt-4o-mini,True,title,False,
경기 화성시 전기차 지원금,2026-03-05 02:00:00,경기 화성시 전기차 지원금,"지원금액,신청방법,조건",전기차 지원금,4,publish,gpt-4o-mini,True,title,False,
경기 광주시 전기차 지원금,2026-03-05 04:00:00,경기 광주시 전기차 지원금,"지원금액,신청방법,조건",전기차 지원금,4,publish,gpt-4o-mini,True,title,False,
경기 양주시 전기차 지원금,2026-03-05 06:00:00,경기 양주시 전기차 지원금,"지원금액,신청방법,조건",전기차 지원금,4,publish,gpt-4o-mini,True,title,False,
경기 포천시 전기차 지원금,2026-03-05 08:00:00,경기 포천시 전기차 지원금,"지원금액,신청방법,조건",전기차 지원금,4,publish,gpt-4o-mini,True,title,False,
경기 여주시 전기차 지원금,2026-03-05 10:00:00,경기 여주시 전기차 지원금,"지원금액,신청방법,조건",전기차 지원금,4,publish,gpt-4o-mini,True,title,False,
경기 연천군 전기차 지원금,2026-03-05 12:00:00,경기 연천군 전기차 지원금,"지원금액,신청방법,조건",전기차 지원금,4,publish,gpt-4o-mini,True,title,False,
경기 가평군 전기차 지원금,2026-03-05 14:00:00,경기 가평군 전기차 지원금,"지원금액,신청방법,조건",전기차 지원금,4,publish,gpt-4o-mini,True,title,False,
경기 양평군 전기차 지원금,2026-03-05 16:00:00,경기 양평군 전기차 지원금,"지원금액,신청방법,조건",전기차 지원금,4,publish,gpt-4o-mini,True,title,False,
강원 춘천시 전기차 지원금,2026-03-05 18:00:00,강원 춘천시 전기차 지원금,"지원금액,신청방법,조건",전기차 지원금,4,publish,gpt-4o-mini,True,title,False,
강원 원주시 전기차 지원금,2026-03-05 20:00:00,강원 원주시 전기차 지원금,"지원금액,신청방법,조건",전기차 지원금,4,publish,gpt-4o-mini,True,title,False,
강원 강릉시 전기차 지원금,2026-03-05 22:00:00,강원 강릉시 전기차 지원금,"지원금액,신청방법,조건",전기차 지원금,4,publish,gpt-4o-mini,True,title,False,
강원 동해시 전기차 지원금,2026-03-06 00:00:00,강원 동해시 전기차 지원금,"지원금액,신청방법,조건",전기차 지원금,4,publish,gpt-4o-mini,True,title,False,
강원 태백시 전기차 지원금,2026-03-06 02:00:00,강원 태백시 전기차 지원금,"지원금액,신청방법,조건",전기차 지원금,4,publish,gpt-4o-mini,True,title,False,
강원 속초시 전기차 지원금,2026-03-06 04:00:00,강원 속초시 전기차 지원금,"지원금액,신청방법,조건",전기차 지원금,4,publish,gpt-4o-mini,True,title,False,
강원 삼척시 전기차 지원금,2026-03-06 06:00:00,강원 삼척시 전기차 지원금,"지원금액,신청방법,조건",전기차 지원금,4,publish,gpt-4o-mini,True,title,False,
강원 홍천군 전기차 지원금,2026-03-06 08:00:00,강원 홍천군 전기차 지원금,"지원금액,신청방법,조건",전기차 지원금,4,publish,gpt-4o-mini,True,title,False,
강원 횡성군 전기차 지원금,2026-03-06 10:00:00,강원 횡성군 전기차 지원금,"지원금액,신청방법,조건",전기차 지원금,4,publish,gpt-4o-mini,True,title,False,
강원 영월군 전기차 지원금,2026-03-06 12:00:00,강원 영월군 전기차 지원금,"지원금액,신청방법,조건",전기차 지원금,4,publish,gpt-4o-mini,True,title,False,
강원 평창군 전기차 지원금,2026-03-06 14:00:00,강원 평창군 전기차 지원금,"지원금액,신청방법,조건",전기차 지원금,4,publish,gpt-4o-mini,True,title,False,
강원 정선군 전기차 지원금,2026-03-06 16:00:00,강원 정선군 전기차 지원금,"지원금액,신청방법,조건",전기차 지원금,4,publish,gpt-4o-mini,True,title,False,
강원 철원군 전기차 지원금,2026-03-06 18:00:00,강원 철원군 전기차 지원금,"지원금액,신청방법,조건",전기차 지원금,4,publish,gpt-4o-mini,True,title,False,
강원 화천군 전기차 지원금,2026-03-06 20:00:00,강원 화천군 전기차 지원금,"지원금액,신청방법,조건",전기차 지원금,4,publish,gpt-4o-mini,True,title,False,
강원 양구군 전기차 지원금,2026-03-06 22:00:00,강원 양구군 전기차 지원금,"지원금액,신청방법,조건",전기차 지원금,4,publish,gpt-4o-mini,True,title,False,
강원 인제군 전기차 지원금,2026-03-07 00:00:00,강원 인제군 전기차 지원금,"지원금액,신청방법,조건",전기차 지원금,4,publish,gpt-4o-mini,True,title,False,
강원 고성군 전기차 지원금,2026-03-07 02:00:00,강원 고성군 전기차 지원금,"지원금액,신청방법,조건",전기차 지원금,4,publish,gpt-4o-mini,True,title,False,
강원 양양군 전기차 지원금,2026-03-07 04:00:00,강원 양양군 전기차 지원금,"지원금액,신청방법,조건",전기차 지원금,4,publish,gpt-4o-mini,True,title,False,
충북 청주시 전기차 지원금,2026-03-07 06:00:00,충북 청주시 전기차 지원금,"지원금액,신청방법,조건",전기차 지원금,4,publish,gpt-4o-mini,True,title,False,
충북 충주시 전기차 지원금,2026-03-07 08:00:00,충북 충주시 전기차 지원금,"지원금액,신청방법,조건",전기차 지원금,4,publish,gpt-4o-mini,True,title,False,
충북 제천시 전기차 지원금,2026-03-07 10:00:00,충북 제천시 전기차 지원금,"지원금액,신청방법,조건",전기차 지원금,4,publish,gpt-4o-mini,True,title,False,
충북 보은군 전기차 지원금,2026-03-07 12:00:00,충북 보은군 전기차 지원금,"지원금액,신청방법,조건",전기차 지원금,4,publish,gpt-4o-mini,True,title,False,
충북 옥천군 전기차 지원금,2026-03-07 14:00:00,충북 옥천군 전기차 지원금,"지원금액,신청방법,조건",전기차 지원금,4,publish,gpt-4o-mini,True,title,False,
충북 증평군 전기차 지원금,2026-03-07 16:00:00,충북 증평군 전기차 지원금,"지원금액,신청방법,조건",전기차 지원금,4,publish,gpt-4o-mini,True,title,False,
충북 영동군 전기차 지원금,2026-03-07 18:00:00,충북 영동군 전기차 지원금,"지원금액,신청방법,조건",전기차 지원금,4,publish,gpt-4o-mini,True,title,False,
충북 진천군 전기차 지원금,2026-03-07 20:00:00,충북 진천군 전기차 지원금,"지원금액,신청방법,조건",전기차 지원금,4,publish,gpt-4o-mini,True,title,False,
충북 괴산군 전기차 지원금,2026-03-07 22:00:00,충북 괴산군 전기차 지원금,"지원금액,신청방법,조건",전기차 지원금,4,publish,gpt-4o-mini,True,title,False,
충북 음성군 전기차 지원금,2026-03-08 00:00:00,충북 음성군 전기차 지원금,"지원금액,신청방법,조건",전기차 지원금,4,publish,gpt-4o-mini,True,title,False,
충북 단양군 전기차 지원금,2026-03-08 02:00:00,충북 단양군 전기차 지원금,"지원금액,신청방법,조건",전기차 지원금,4,publish,gpt-4o-mini,True,title,False,
충남 천안시 전기차 지원금,2026-03-08 04:00:00,충남 천안시 전기차 지원금,"지원금액,신청방법,조건",전기차 지원금,4,publish,gpt-4o-mini,True,title,False,
충남 공주시 전기차 지원금,2026-03-08 06:00:00,충남 공주시 전기차 지원금,"지원금액,신청방법,조건",전기차 지원금,4,publish,gpt-4o-mini,True,title,False,
충남 보령시 전기차 지원금,2026-03-08 08:00:00,충남 보령시 전기차 지원금,"지원금액,신청방법,조건",전기차 지원금,4,publish,gpt-4o-mini,True,title,False,
충남 아산시 전기차 지원금,2026-03-08 10:00:00,충남 아산시 전기차 지원금,"지원금액,신청방법,조건",전기차 지원금,4,publish,gpt-4o-mini,True,title,False,
충남 서산시 전기차 지원금,2026-03-08 12:00:00,충남 서산시 전기차 지원금,"지원금액,신청방법,조건",전기차 지원금,4,publish,gpt-4o-mini,True,title,False,
충남 논산시 전기차 지원금,2026-03-08 14:00:00,충남 논산시 전기차 지원금,"지원금액,신청방법,조건",전기차 지원금,4,publish,gpt-4o-mini,True,title,False,
충남 계룡시 전기차 지원금,2026-03-08 16:00:00,충남 계룡시 전기차 지원금,"지원금액,신청방법,조건",전기차 지원금,4,publish,gpt-4o-mini,True,title,False,
충남 당진시 전기차 지원금,2026-03-08 18:00:00,충남 당진시 전기차 지원금,"지원금액,신청방법,조건",전기차 지원금,4,publish,gpt-4o-mini,True,title,False,
충남 금산군 전기차 지원금,2026-03-08 20:00:00,충남 금산군 전기차 지원금,"지원금액,신청방법,조건",전기차 지원금,4,publish,gpt-4o-mini,True,title,False,
충남 부여군 전기차 지원금,2026-03-08 22:00:00,충남 부여군 전기차 지원금,"지원금액,신청방법,조건",전기차 지원금,4,publish,gpt-4o-mini,True,title,False,
충남 서천군 전기차 지원금,2026-03-09 00:00:00,충남 서천군 전기차 지원금,"지원금액,신청방법,조건",전기차 지원금,4,publish,gpt-4o-mini,True,title,False,
충남 청양군 전기차 지원금,2026-03-09 02:00:00,충남 청양군 전기차 지원금,"지원금액,신청방법,조건",전기차 지원금,4,publish,gpt-4o-mini,True,title,False,
충남 홍성군 전기차 지원금,2026-03-09 04:00:00,충남 홍성군 전기차 지원금,"지원금액,신청방법,조건",전기차 지원금,4,publish,gpt-4o-mini,True,title,False,
충남 예산군 전기차 지원금,2026-03-09 06:00:00,충남 예산군 전기차 지원금,"지원금액,신청방법,조건",전기차 지원금,4,publish,gpt-4o-mini,True,title,False,
충남 태안군 전기차 지원금,2026-03-09 08:00:00,충남 태안군 전기차 지원금,"지원금액,신청방법,조건",전기차 지원금,4,publish,gpt-4o-mini,True,title,False,
전북 전주시 전기차 지원금,2026-03-09 10:00:00,전북 전주시 전기차 지원금,"지원금액,신청방법,조건",전기차 지원금,4,publish,gpt-4o-mini,True,title,False,
전북 군산시 전기차 지원금,2026-03-09 12:00:00,전북 군산시 전기차 지원금,"지원금액,신청방법,조건",전기차 지원금,4,publish,gpt-4o-mini,True,title,False,
전북 익산시 전기차 지원금,2026-03-09 14:00:00,전북 익산시 전기차 지원금,"지원금액,신청방법,조건",전기차 지원금,4,publish,gpt-4o-mini,True,title,False,
전북 정읍시 전기차 지원금,2026-03-09 16:00:00,전북 정읍시 전기차 지원금,"지원금액,신청방법,조건",전기차 지원금,4,publish,gpt-4o-mini,True,title,False,
전북 남원시 전기차 지원금,2026-03-09 18:00:00,전북 남원시 전기차 지원금,"지원금액,신청방법,조건",전기차 지원금,4,publish,gpt-4o-mini,True,title,False,
전북 김제시 전기차 지원금,2026-03-09 20:00:00,전북 김제시 전기차 지원금,"지원금액,신청방법,조건",전기차 지원금,4,publish,gpt-4o-mini,True,title,False,
전북 완주군 전기차 지원금,2026-03-09 22:00:00,전북 완주군 전기차 지원금,"지원금액,신청방법,조건",전기차 지원금,4,publish,gpt-4o-mini,True,title,False,
전북 진안군 전기차 지원금,2026-03-10 00:00:00,전북 진안군 전기차 지원금,"지원금액,신청방법,조건",전기차 지원금,4,publish,gpt-4o-mini,True,title,False,
전북 무주군 전기차 지원금,2026-03-10 02:00:00,전북 무주군 전기차 지원금,"지원금액,신청방법,조건",전기차 지원금,4,publish,gpt-4o-mini,True,title,False,
전북 장수군 전기차 지원금,2026-03-10 04:00:00,전북 장수군 전기차 지원금,"지원금액,신청방법,조건",전기차 지원금,4,publish,gpt-4o-mini,True,title,False,
전북 임실군 전기차 지원금,2026-03-10 06:00:00,전북 임실군 전기차 지원금,"지원금액,신청방법,조건",전기차 지원금,4,publish,gpt-4o-mini,True,title,False,
전북 순창군 전기차 지원금,2026-03-10 08:00:00,전북 순창군 전기차 지원금,"지원금액,신청방법,조건",전기차 지원금,4,publish,gpt-4o-mini,True,title,False,
전북 고창군 전기차 지원금,2026-03-10 10:00:00,전북 고창군 전기차 지원금,"지원금액,신청방법,조건",전기차 지원금,4,publish,gpt-4o-mini,True,title,False,
전북 부안군 전기차 지원금,2026-03-10 12:00:00,전북 부안군 전기차 지원금,"지원금액,신청방법,조건",전기차 지원금,4,publish,gpt-4o-mini,True,title,False,
전남 목포시 전기차 지원금,2026-03-10 14:00:00,전남 목포시 전기차 지원금,"지원금액,신청방법,조건",전기차 지원금,4,publish,gpt-4o-mini,True,title,False,
전남 여수시 전기차 지원금,2026-03-10 16:00:00,전남 여수시 전기차 지원금,"지원금액,신청방법,조건",전기차 지원금,4,publish,gpt-4o-mini,True,title,False,
전남 순천시 전기차 지원금,2026-03-10 18:00:00,전남 순천시 전기차 지원금,"지원금액,신청방법,조건",전기차 지원금,4,publish,gpt-4o-mini,True,title,False,
전남 나주시 전기차 지원금,2026-03-10 20:00:00,전남 나주시 전기차 지원금,"지원금액,신청방법,조건",전기차 지원금,4,publish,gpt-4o-mini,True,title,False,
전남 광양시 전기차 지원금,2026-03-10 22:00:00,전남 광양시 전기차 지원금,"지원금액,신청방법,조건",전기차 지원금,4,publish,gpt-4o-mini,True,title,False,
전남 담양군 전기차 지원금,2026-03-11 00:00:00,전남 담양군 전기차 지원금,"지원금액,신청방법,조건",전기차 지원금,4,publish,gpt-4o-mini,True,title,False,
전남 곡성군 전기차 지원금,2026-03-11 02:00:00,전남 곡성군 전기차 지원금,"지원금액,신청방법,조건",전기차 지원금,4,publish,gpt-4o-mini,True,title,False,
전남 구례군 전기차 지원금,2026-03-11 04:00:00,전남 구례군 전기차 지원금,"지원금액,신청방법,조건",전기차 지원금,4,publish,gpt-4o-mini,True,title,False,
전남 고흥군 전기차 지원금,2026-03-11 06:00:00,전남 고흥군 전기차 지원금,"지원금액,신청방법,조건",전기차 지원금,4,publish,gpt-4o-mini,True,title,False,
전남 보성군 전기차 지원금,2026-03-11 08:00:00,전남 보성군 전기차 지원금,"지원금액,신청방법,조건",전기차 지원금,4,publish,gpt-4o-mini,True,title,False,
전남 화순군 전기차 지원금,2026-03-11 10:00:00,전남 화순군 전기차 지원금,"지원금액,신청방법,조건",전기차 지원금,4,publish,gpt-4o-mini,True,title,False,
전남 장흥군 전기차 지원금,2026-03-11 12:00:00,전남 장흥군 전기차 지원금,"지원금액,신청방법,조건",전기차 지원금,4,publish,gpt-4o-mini,True,title,False,
전남 강진군 전기차 지원금,2026-03-11 14:00:00,전남 강진군 전기차 지원금,"지원금액,신청방법,조건",전기차 지원금,4,publish,gpt-4o-mini,True,title,False,
전남 해남군 전기차 지원금,2026-03-11 16:00:00,전남 해남군 전기차 지원금,"지원금액,신청방법,조건",전기차 지원금,4,publish,gpt-4o-mini,True,title,False,
전남 영암군 전기차 지원금,2026-03-11 18:00:00,전남 영암군 전기차 지원금,"지원금액,신청방법,조건",전기차 지원금,4,publish,gpt-4o-mini,True,title,False,
전남 무안군 전기차 지원금,2026-03-11 20:00:00,전남 무안군 전기차 지원금,"지원금액,신청방법,조건",전기차 지원금,4,publish,gpt-4o-mini,True,title,False,
전남 함평군 전기차 지원금,2026-03-11 22:00:00,전남 함평군 전기차 지원금,"지원금액,신청방법,조건",전기차 지원금,4,publish,gpt-4o-mini,True,title,False,
전남 영광군 전기차 지원금,2026-03-12 00:00:00,전남 영광군 전기차 지원금,"지원금액,신청방법,조건",전기차 지원금,4,publish,gpt-4o-mini,True,title,False,
전남 장성군 전기차 지원금,2026-03-12 02:00:00,전남 장성군 전기차 지원금,"지원금액,신청방법,조건",전기차 지원금,4,publish,gpt-4o-mini,True,title,False,
전남 완도군 전기차 지원금,2026-03-12 04:00:00,전남 완도군 전기차 지원금,"지원금액,신청방법,조건",전기차 지원금,4,publish,gpt-4o-mini,True,title,False,
전남 진도군 전기차 지원금,2026-03-12 06:00:00,전남 진도군 전기차 지원금,"지원금액,신청방법,조건",전기차 지원금,4,publish,gpt-4o-mini,True,title,False,
전남 신안군 전기차 지원금,2026-03-12 08:00:00,전남 신안군 전기차 지원금,"지원금액,신청방법,조건",전기차 지원금,4,publish,gpt-4o-mini,True,title,False,
경북 포항시 전기차 지원금,2026-03-12 10:00:00,경북 포항시 전기차 지원금,"지원금액,신청방법,조건",전기차 지원금,4,publish,gpt-4o-mini,True,title,False,
경북 경주시 전기차 지원금,2026-03-12 12:00:00,경북 경주시 전기차 지원금,"지원금액,신청방법,조건",전기차 지원금,4,publish,gpt-4o-mini,True,title,False,
경북 김천시 전기차 지원금,2026-03-12 14:00:00,경북 김천시 전기차 지원금,"지원금액,신청방법,조건",전기차 지원금,4,publish,gpt-4o-mini,True,title,False,
경북 안동시 전기차 지원금,2026-03-12 16:00:00,경북 안동시 전기차 지원금,"지원금액,신청방법,조건",전기차 지원금,4,publish,gpt-4o-mini,True,title,False,
경북 구미시 전기차 지원금,2026-03-12 18:00:00,경북 구미시 전기차 지원금,"지원금액,신청방법,조건",전기차 지원금,4,publish,gpt-4o-mini,True,title,False,
경북 영주시 전기차 지원금,2026-03-12 20:00:00,경북 영주시 전기차 지원금,"지원금액,신청방법,조건",전기차 지원금,4,publish,gpt-4o-mini,True,title,False,
경북 영천시 전기차 지원금,2026-03-12 22:00:00,경북 영천시 전기차 지원금,"지원금액,신청방법,조건",전기차 지원금,4,publish,gpt-4o-mini,True,title,False,
경북 상주시 전기차 지원금,2026-03-13 00:00:00,경북 상주시 전기차 지원금,"지원금액,신청방법,조건",전기차 지원금,4,publish,gpt-4o-mini,True,title,False,
경북 문경시 전기차 지원금,2026-03-13 02:00:00,경북 문경시 전기차 지원금,"지원금액,신청방법,조건",전기차 지원금,4,publish,gpt-4o-mini,True,title,False,
경북 경산시 전기차 지원금,2026-03-13 04:00:00,경북 경산시 전기차 지원금,"지원금액,신청방법,조건",전기차 지원금,4,publish,gpt-4o-mini,True,title,False,
경북 의성군 전기차 지원금,2026-03-13 06:00:00,경북 의성군 전기차 지원금,"지원금액,신청방법,조건",전기차 지원금,4,publish,gpt-4o-mini,True,title,False,
경북 청송군 전기차 지원금,2026-03-13 08:00:00,경북 청송군 전기차 지원금,"지원금액,신청방법,조건",전기차 지원금,4,publish,gpt-4o-mini,True,title,False,
경북 영양군 전기차 지원금,2026-03-13 10:00:00,경북 영양군 전기차 지원금,"지원금액,신청방법,조건",전기차 지원금,4,publish,gpt-4o-mini,True,title,False,
경북 영덕군 전기차 지원금,2026-03-13 12:00:00,경북 영덕군 전기차 지원금,"지원금액,신청방법,조건",전기차 지원금,4,publish,gpt-4o-mini,True,title,False,
경북 청도군 전기차 지원금,2026-03-13 14:00:00,경북 청도군 전기차 지원금,"지원금액,신청방법,조건",전기차 지원금,4,publish,gpt-4o-mini,True,title,False,
경북 고령군 전기차 지원금,2026-03-13 16:00:00,경북 고령군 전기차 지원금,"지원금액,신청방법,조건",전기차 지원금,4,publish,gpt-4o-mini,True,title,False,
경북 성주군 전기차 지원금,2026-03-13 18:00:00,경북 성주군 전기차 지원금,"지원금액,신청방법,조건",전기차 지원금,4,publish,gpt-4o-mini,True,title,False,
경북 칠곡군 전기차 지원금,2026-03-13 20:00:00,경북 칠곡군 전기차 지원금,"지원금액,신청방법,조건",전기차 지원금,4,publish,gpt-4o-mini,True,title,False,
경북 예천군 전기차 지원금,2026-03-13 22:00:00,경북 예천군 전기차 지원금,"지원금액,신청방법,조건",전기차 지원금,4,publish,gpt-4o-mini,True,title,False,
경북 봉화군 전기차 지원금,2026-03-14 00:00:00,경북 봉화군 전기차 지원금,"지원금액,신청방법,조건",전기차 지원금,4,publish,gpt-4o-mini,True,title,False,
경북 울진군 전기차 지원금,2026-03-14 02:00:00,경북 울진군 전기차 지원금,"지원금액,신청방법,조건",전기차 지원금,4,publish,gpt-4o-mini,True,title,False,
경북 울릉군 전기차 지원금,2026-03-14 04:00:00,경북 울릉군 전기차 지원금,"지원금액,신청방법,조건",전기차 지원금,4,publish,gpt-4o-mini,True,title,False,
경남 창원시 전기차 지원금,2026-03-14 06:00:00,경남 창원시 전기차 지원금,"지원금액,신청방법,조건",전기차 지원금,4,publish,gpt-4o-mini,True,title,False,
경남 진주시 전기차 지원금,2026-03-14 08:00:00,경남 진주시 전기차 지원금,"지원금액,신청방법,조건",전기차 지원금,4,publish,gpt-4o-mini,True,title,False,
경남 통영시 전기차 지원금,2026-03-14 10:00:00,경남 통영시 전기차 지원금,"지원금액,신청방법,조건",전기차 지원금,4,publish,gpt-4o-mini,True,title,False,
경남 사천시 전기차 지원금,2026-03-14 12:00:00,경남 사천시 전기차 지원금,"지원금액,신청방법,조건",전기차 지원금,4,publish,gpt-4o-mini,True,title,False,
경남 김해시 전기차 지원금,2026-03-14 14:00:00,경남 김해시 전기차 지원금,"지원금액,신청방법,조건",전기차 지원금,4,publish,gpt-4o-mini,True,title,False,
경남 밀양시 전기차 지원금,2026-03-14 16:00:00,경남 밀양시 전기차 지원금,"지원금액,신청방법,조건",전기차 지원금,4,publish,gpt-4o-mini,True,title,False,
경남 거제시 전기차 지원금,2026-03-14 18:00:00,경남 거제시 전기차 지원금,"지원금액,신청방법,조건",전기차 지원금,4,publish,gpt-4o-mini,True,title,False,
경남 양산시 전기차 지원금,2026-03-14 20:00:00,경남 양산시 전기차 지원금,"지원금액,신청방법,조건",전기차 지원금,4,publish,gpt-4o-mini,True,title,False,
경남 의령군 전기차 지원금,2026-03-14 22:00:00,경남 의령군 전기차 지원금,"지원금액,신청방법,조건",전기차 지원금,4,publish,gpt-4o-mini,True,title,False,
경남 함안군 전기차 지원금,2026-03-15 00:00:00,경남 함안군 전기차 지원금,"지원금액,신청방법,조건",전기차 지원금,4,publish,gpt-4o-mini,True,title,False,
경남 창녕군 전기차 지원금,2026-03-15 02:00:00,경남 창녕군 전기차 지원금,"지원금액,신청방법,조건",전기차 지원금,4,publish,gpt-4o-mini,True,title,False,
경남 고성군 전기차 지원금,2026-03-15 04:00:00,경남 고성군 전기차 지원금,"지원금액,신청방법,조건",전기차 지원금,4,publish,gpt-4o-mini,True,title,False,
경남 남해군 전기차 지원금,2026-03-15 06:00:00,경남 남해군 전기차 지원금,"지원금액,신청방법,조건",전기차 지원금,4,publish,gpt-4o-mini,True,title,False,
경남 하동군 전기차 지원금,2026-03-15 08:00:00,경남 하동군 전기차 지원금,"지원금액,신청방법,조건",전기차 지원금,4,publish,gpt-4o-mini,True,title,False,
경남 산청군 전기차 지원금,2026-03-15 10:00:00,경남 산청군 전기차 지원금,"지원금액,신청방법,조건",전기차 지원금,4,publish,gpt-4o-mini,True,title,False,
경남 함양군 전기차 지원금,2026-03-15 12:00:00,경남 함양군 전기차 지원금,"지원금액,신청방법,조건",전기차 지원금,4,publish,gpt-4o-mini,True,title,False,
경남 거창군 전기차 지원금,2026-03-15 14:00:00,경남 거창군 전기차 지원금,"지원금액,신청방법,조건",전기차 지원금,4,publish,gpt-4o-mini,True,title,False,
경남 합천군 전기차 지원금,2026-03-15 16:00:00,경남 합천군 전기차 지원금,"지원금액,신청방법,조건",전기차 지원금,4,publish,gpt-4o-mini,True,title,False,
제주 제주특별자치도 전기차 지원금,2026-03-15 18:00:00,제주 제주특별자치도 전기차 지원금,"지원금액,신청방법,조건",전기차 지원금,4,publish,gpt-4o-mini,True,title,False,
